{
  "subgraphName": "khelil/starknet-bridge-staging",
  "startBlock": 6221613,
  "network": "goerli",
  "modules": {
    "starknetMessaging": "0xde29d060D45901Fb19ED6C6e959EB22d8626708e",
    "ethBridgeL1": "0xcf98f0A8edC6a730E1CA6B64a2528c6bE031Cb12",
    "ethBridgeL2": "0x030fab1f1cc35d6ab0a992240528e122bc46c196eebfed9d21a5f800f72f066d",
    "tokenBridges": [
      {
        "name": "Wrapped BTC",
        "symbol": "WBTC",
        "decimals": 8,
        "token": "0xC04B0d3107736C32e19F1c62b2aF67BE61d63a05",
        "bridgeL1": "0xf29aE3446Ce4688fCc792b232C21D1B9581E7baC",
        "bridgeL2": "0x072eeb90833bae233a9585f2fa9afc99c187f0a3a82693becd6a4d700b37fc6b"
      },
      {
        "name": "Goerli USD Coin",
        "symbol": "USDC",
        "decimals": 6,
        "token": "0x07865c6e87b9f70255377e024ace6630c1eaa37f",
        "bridgeL1": "0xBA9cE9F22A3Cfa7Fcb5c31f6B2748b1e72C06204",
        "bridgeL2": "0x001d5b64feabc8ac7c839753994f469704c6fabdd45c8fe6d26ed57b5eb79057"
      },
      {
        "name": "Tether USD",
        "symbol": "USDT",
        "decimals": 6,
        "token": "0x509Ee0d083DdF8AC028f2a56731412edD63223B9",
        "bridgeL1": "0xA1f590F18b23EFece02804704E5006E91348C997",
        "bridgeL2": "0x071d54658ca3c6ccd84ff958adb7498b2e71ba008e29b643983221ed2bd71b69"
      },
      {
        "name": "SelfService",
        "symbol": "SLF",
        "decimals": 6,
        "token": "0xd44BB808bfE43095dBb94c83077766382D63952a",
        "bridgeL1": "0x160e7631f22035149A01420cADD1012267551181",
        "bridgeL2": "0x00fd2a9843c19436542e0ac7fc7b5cbf1d0b69fc2abea6d68591e46a5ca2d75a"
      },
      {
        "name": "DAI",
        "symbol": "DAI",
        "decimals": 18,
        "token": "0x11fE4B6AE13d2a6055C8D9cF65c55bac32B5d844",
        "bridgeL1": "0xd8beAa22894Cd33F24075459cFba287a10a104E4",
        "bridgeL2": "0x03e85bfbb8e2a42b7bead9e88e9a1b19dbccf661471061807292120462396ec9"
      }
    ]
  }
}
